[
    {
        "id": "187b2640622ee6ec",
        "type": "tab",
        "label": "Flow 2",
        "disabled": false,
        "info": "",
        "env": []
    },
    {
        "id": "a4b0f01160fbb76e",
        "type": "function",
        "z": "187b2640622ee6ec",
        "name": "function 13",
        "func": "msg.payload = msg.payload.toString();\nreturn msg;",
        "outputs": 1,
        "noerr": 0,
        "initialize": "",
        "finalize": "",
        "libs": [],
        "x": 550,
        "y": 200,
        "wires": [
            []
        ]
    },
    {
        "id": "4c1cf65ba6214e0f",
        "type": "switch",
        "z": "187b2640622ee6ec",
        "name": "error? ",
        "property": "CID",
        "propertyType": "msg",
        "rules": [
            {
                "t": "eq",
                "v": "46",
                "vt": "num"
            },
            {
                "t": "else"
            }
        ],
        "checkall": "true",
        "repair": false,
        "outputs": 2,
        "x": 370,
        "y": 180,
        "wires": [
            [
                "558dcbb35546d9b1"
            ],
            [
                "a4b0f01160fbb76e"
            ]
        ]
    },
    {
        "id": "353ef81962f8ddc1",
        "type": "switch",
        "z": "187b2640622ee6ec",
        "name": "",
        "property": "queryType",
        "propertyType": "msg",
        "rules": [
            {
                "t": "eq",
                "v": "Multi",
                "vt": "str"
            },
            {
                "t": "else"
            }
        ],
        "checkall": "true",
        "repair": false,
        "outputs": 2,
        "x": 970,
        "y": 120,
        "wires": [
            [
                "ec3722c6799edeb5"
            ],
            []
        ]
    },
    {
        "id": "ecbbf1a32b77b8cd",
        "type": "function",
        "z": "187b2640622ee6ec",
        "name": "Generate Battery Data Query",
        "func": "var cmd = \"\";\nvar len = \"002\";\nvar batteryNumber = msg.payload;\n\ncmd = \"20\" + batteryNumber + \"4642\";\n\nvar lensum = (~(parseInt(len.substring(0, 1)) + parseInt(len.substring(1, 2)) + parseInt(len.substring(2, 3))));\n\nlensum = ((lensum)>>>0).toString(16);\n\nlensum = (Number(\"0x\" + lensum.substr(-1,1)) + 1).toString(16);\nlensum = lensum.substr(-1,1).toUpperCase();\n\nvar send = cmd + lensum + len + batteryNumber;\n\nvar sum = 0;\n\n\nfor (var charIndex = 0; charIndex < send.length; charIndex++)\n{\n    var tempChar = send.charCodeAt(charIndex);\n    sum = sum + Number(tempChar);\n}\n\nsum = ((~(sum))>>>0).toString(16);\n\nsum = (Number(\"0x\" + sum.substr(-4, 4)) + 1).toString(16).toUpperCase();\n\nmsg.payload = \"~\" + send + sum;\n\nreturn msg;",
        "outputs": 1,
        "noerr": 0,
        "initialize": "",
        "finalize": "",
        "libs": [],
        "x": 1400,
        "y": 120,
        "wires": [
            [
                "ffaf7ea07ba29d0b",
                "95d774a73f29427a"
            ]
        ]
    },
    {
        "id": "ec3722c6799edeb5",
        "type": "function",
        "z": "187b2640622ee6ec",
        "name": "Set Next Battery",
        "func": "msg.payload = flow.get(\"nextBattery\");\nreturn msg;",
        "outputs": 1,
        "noerr": 0,
        "initialize": "",
        "finalize": "",
        "libs": [],
        "x": 1140,
        "y": 120,
        "wires": [
            [
                "ecbbf1a32b77b8cd"
            ]
        ]
    },
    {
        "id": "6ddd5d4d9530cd40",
        "type": "function",
        "z": "187b2640622ee6ec",
        "name": "Mulit",
        "func": "flow.set(\"queryType\", \"Multi\");\nflow.set(\"nextBattery\", \"01\");\nflow.set(\"packSOC\", 0);\nflow.set(\"packMaxCell\", 0);\nflow.set(\"packMinCell\", 5);\nflow.set(\"packMaxCellDelta\", 0);\nreturn msg;",
        "outputs": 1,
        "noerr": 0,
        "initialize": "",
        "finalize": "",
        "libs": [],
        "x": 970,
        "y": 180,
        "wires": [
            [
                "ec3722c6799edeb5"
            ]
        ]
    },
    {
        "id": "f904191ca8238e38",
        "type": "inject",
        "z": "187b2640622ee6ec",
        "name": "",
        "props": [
            {
                "p": "payload"
            },
            {
                "p": "topic",
                "vt": "str"
            }
        ],
        "repeat": "15",
        "crontab": "",
        "once": false,
        "onceDelay": "10",
        "topic": "",
        "payload": "",
        "payloadType": "date",
        "x": 830,
        "y": 180,
        "wires": [
            [
                "6ddd5d4d9530cd40"
            ]
        ]
    },
    {
        "id": "ffaf7ea07ba29d0b",
        "type": "debug",
        "z": "187b2640622ee6ec",
        "name": "debug 9",
        "active": false,
        "tosidebar": true,
        "console": false,
        "tostatus": false,
        "complete": "false",
        "statusVal": "",
        "statusType": "auto",
        "x": 1340,
        "y": 80,
        "wires": []
    },
    {
        "id": "e62dba81dce8fe3a",
        "type": "inject",
        "z": "187b2640622ee6ec",
        "name": "",
        "props": [
            {
                "p": "payload"
            }
        ],
        "repeat": "",
        "crontab": "",
        "once": false,
        "onceDelay": 0.1,
        "topic": "",
        "payload": "01",
        "payloadType": "str",
        "x": 1170,
        "y": 80,
        "wires": [
            [
                "ecbbf1a32b77b8cd"
            ]
        ]
    },
    {
        "id": "fbd1bd5378ea4d83",
        "type": "inject",
        "z": "187b2640622ee6ec",
        "name": "",
        "props": [
            {
                "p": "payload"
            }
        ],
        "repeat": "",
        "crontab": "",
        "once": false,
        "onceDelay": 0.1,
        "topic": "",
        "payload": "02",
        "payloadType": "str",
        "x": 1170,
        "y": 160,
        "wires": [
            [
                "ecbbf1a32b77b8cd"
            ]
        ]
    },
    {
        "id": "778782b50bc89049",
        "type": "serial in",
        "z": "187b2640622ee6ec",
        "name": "receive from serial ",
        "serial": "0a692c74d9c57934",
        "x": 90,
        "y": 80,
        "wires": [
            [
                "ac5841f818be0d75",
                "adf485e86e9eca25"
            ]
        ]
    },
    {
        "id": "95d774a73f29427a",
        "type": "serial out",
        "z": "187b2640622ee6ec",
        "name": "",
        "serial": "0a692c74d9c57934",
        "x": 1670,
        "y": 120,
        "wires": []
    },
    {
        "id": "adf485e86e9eca25",
        "type": "debug",
        "z": "187b2640622ee6ec",
        "name": "debug 10",
        "active": false,
        "tosidebar": true,
        "console": false,
        "tostatus": false,
        "complete": "payload",
        "targetType": "msg",
        "statusVal": "",
        "statusType": "auto",
        "x": 260,
        "y": 60,
        "wires": []
    },
    {
        "id": "558dcbb35546d9b1",
        "type": "buffer-parser",
        "z": "187b2640622ee6ec",
        "name": "",
        "data": "payload",
        "dataType": "msg",
        "specification": "spec",
        "specificationType": "ui",
        "items": [
            {
                "type": "ascii",
                "name": "CELL1V",
                "offset": 19,
                "length": 4,
                "offsetbit": 0,
                "scale": "1",
                "mask": ""
            },
            {
                "type": "ascii",
                "name": "CELL2V",
                "offset": 23,
                "length": 4,
                "offsetbit": 0,
                "scale": "1",
                "mask": ""
            },
            {
                "type": "ascii",
                "name": "CELL3V",
                "offset": 27,
                "length": 4,
                "offsetbit": 0,
                "scale": "1",
                "mask": ""
            },
            {
                "type": "ascii",
                "name": "CELL4V",
                "offset": 31,
                "length": 4,
                "offsetbit": 0,
                "scale": "1",
                "mask": ""
            },
            {
                "type": "ascii",
                "name": "CELL5V",
                "offset": 35,
                "length": 4,
                "offsetbit": 0,
                "scale": "1",
                "mask": ""
            },
            {
                "type": "ascii",
                "name": "CELL6V",
                "offset": 39,
                "length": 4,
                "offsetbit": 0,
                "scale": "1",
                "mask": ""
            },
            {
                "type": "ascii",
                "name": "CELL7V",
                "offset": 43,
                "length": 4,
                "offsetbit": 0,
                "scale": "1",
                "mask": ""
            },
            {
                "type": "ascii",
                "name": "CELL8V",
                "offset": 47,
                "length": 4,
                "offsetbit": 0,
                "scale": "1",
                "mask": ""
            },
            {
                "type": "ascii",
                "name": "CELLT1",
                "offset": 53,
                "length": 4,
                "offsetbit": 0,
                "scale": "1",
                "mask": ""
            },
            {
                "type": "ascii",
                "name": "CELLT2",
                "offset": 57,
                "length": 4,
                "offsetbit": 0,
                "scale": "1",
                "mask": ""
            },
            {
                "type": "ascii",
                "name": "CELLT3",
                "offset": 61,
                "length": 4,
                "offsetbit": 0,
                "scale": "1",
                "mask": ""
            },
            {
                "type": "ascii",
                "name": "CELLT4",
                "offset": 65,
                "length": 4,
                "offsetbit": 0,
                "scale": "1",
                "mask": ""
            },
            {
                "type": "ascii",
                "name": "ENVT",
                "offset": 69,
                "length": 4,
                "offsetbit": 0,
                "scale": "1",
                "mask": ""
            },
            {
                "type": "ascii",
                "name": "POWERT",
                "offset": 73,
                "length": 4,
                "offsetbit": 0,
                "scale": "1",
                "mask": ""
            },
            {
                "type": "ascii",
                "name": "BATTA",
                "offset": 77,
                "length": 4,
                "offsetbit": 0,
                "scale": "1",
                "mask": ""
            },
            {
                "type": "ascii",
                "name": "BATTV",
                "offset": 81,
                "length": 4,
                "offsetbit": 0,
                "scale": "1",
                "mask": ""
            },
            {
                "type": "ascii",
                "name": "CAPAh",
                "offset": 85,
                "length": 4,
                "offsetbit": 0,
                "scale": "1",
                "mask": ""
            },
            {
                "type": "ascii",
                "name": "TCAPAh",
                "offset": 91,
                "length": 4,
                "offsetbit": 0,
                "scale": "1",
                "mask": ""
            },
            {
                "type": "ascii",
                "name": "SOC",
                "offset": 95,
                "length": 4,
                "offsetbit": 0,
                "scale": "1",
                "mask": ""
            },
            {
                "type": "ascii",
                "name": "NOCYC",
                "offset": 103,
                "length": 4,
                "offsetbit": 0,
                "scale": "1",
                "mask": ""
            },
            {
                "type": "ascii",
                "name": "SOH",
                "offset": 107,
                "length": 4,
                "offsetbit": 0,
                "scale": "1",
                "mask": ""
            },
            {
                "type": "ascii",
                "name": "BATNUM",
                "offset": 3,
                "length": 2,
                "offsetbit": 0,
                "scale": "1",
                "mask": ""
            }
        ],
        "swap1": "",
        "swap2": "",
        "swap3": "",
        "swap1Type": "swap",
        "swap2Type": "swap",
        "swap3Type": "swap",
        "msgProperty": "payload",
        "msgPropertyType": "str",
        "resultType": "keyvalue",
        "resultTypeType": "return",
        "multipleResult": false,
        "fanOutMultipleResult": false,
        "setTopic": true,
        "outputs": 1,
        "x": 550,
        "y": 80,
        "wires": [
            [
                "38ac6c0c779ccdcd"
            ]
        ]
    },
    {
        "id": "019c5e3c65bdb664",
        "type": "debug",
        "z": "187b2640622ee6ec",
        "name": "debug 11",
        "active": false,
        "tosidebar": true,
        "console": false,
        "tostatus": false,
        "complete": "false",
        "statusVal": "",
        "statusType": "auto",
        "x": 880,
        "y": 20,
        "wires": []
    },
    {
        "id": "ac5841f818be0d75",
        "type": "function",
        "z": "187b2640622ee6ec",
        "name": "check response ",
        "func": "var buf = msg.payload[4].toString(16);\n//msg.topic = buf;\n\nmsg.topic = \"BattNum\" + Buffer.from(buf,\"hex\");\n\nmsg[\"CID\"] = {};\n//read both CIDs \nvar CID1 = String.fromCharCode(\"0x\" + msg.payload[5].toString(16)) + String.fromCharCode(\"0x\" + msg.payload[6].toString(16))\nvar CID2 = String.fromCharCode(\"0x\" + msg.payload[7].toString(16)) + String.fromCharCode(\"0x\" + msg.payload[8].toString(16))\n//make sure that there is no error code \nif (CID2 == \"00\")\n{\n    msg.CID = CID1;\n}\nelse\n{\n    msg.CID = CID2;\n}\nreturn msg;",
        "outputs": 1,
        "noerr": 0,
        "initialize": "",
        "finalize": "",
        "libs": [],
        "x": 200,
        "y": 180,
        "wires": [
            [
                "4c1cf65ba6214e0f"
            ]
        ]
    },
    {
        "id": "38ac6c0c779ccdcd",
        "type": "function",
        "z": "187b2640622ee6ec",
        "name": "Parse Battery Stats",
        "func": "var cellData = {};\nvar batteryData = {};\nconst cell = [];\nconst first = []; \n\nfor (var cellNum = 1; cellNum < 9; cellNum++)\n{\n    var cellName = \"CELL\" + cellNum + \"V\";\n    //cellData[cellName] = parseInt(msg.keyvalues[cellName],16) / 1000;\n    cell[cellNum] = parseInt(msg.keyvalues[cellName], 16) / 1000;    \n}\n\ncell[0] = parseInt(msg.keyvalues[\"BATNUM\"], 16);\n\ncell[9] = parseFloat(((parseInt(msg.keyvalues[\"CELLT1\"], 16) - 2731) / 10).toFixed(1));\ncell[10] = parseFloat(((parseInt(msg.keyvalues[\"CELLT2\"], 16) - 2731) / 10).toFixed(1));\ncell[11] = parseFloat(((parseInt(msg.keyvalues[\"ENVT\"], 16) - 2731) / 10).toFixed(1));\ncell[12] = parseFloat(((parseInt(msg.keyvalues[\"POWERT\"], 16) - 2731) / 10).toFixed(1));\n\nbatteryData[\"BATTA\"]=parseInt(msg.keyvalues[\"BATTA\"], 16);\n\nif (batteryData.BATTA > 32767) \n{ \n        batteryData.BATTA=batteryData.BATTA - 65536; \n} \n \ncell[13] = parseFloat((batteryData.BATTA / 100).toFixed(3)); \n\ncell[14] =parseInt(msg.keyvalues[\"BATTV\"], 16)/100;\ncell[15] = parseInt(msg.keyvalues[\"CAPAh\"], 16)/100;\ncell[16] = parseInt(msg.keyvalues[\"TCAPAh\"], 16)/100;\ncell[17] = parseInt(msg.keyvalues[\"SOC\"], 16)/10;\ncell[18]=parseInt(msg.keyvalues[\"NOCYC\"], 16) ;\ncell[19] =parseFloat(((parseInt(msg.keyvalues[\"SOH\"], 16)/10)).toFixed(1));\n//\nvar packSOC = flow.get(\"packSOC\");\n\npackSOC = packSOC + batteryData.SOC;\n\nflow.set(\"packSOC\", packSOC);\n\nmsg.payload = {};\nmsg.payload.celldata = cell.toString() ;\n//msg.payload.batterydata = batteryData;\n\nflow.set(\"cell\",cell) \n\n//msg.payload = batteryData;\n\nmsg[\"queryType\"] = {};\nmsg.queryType = flow.get(\"queryType\");\n\nif (msg.queryType == \"Multi\")\n{\n    var nextBattery = msg.topic.substring(7);\n    if (Number(nextBattery) < 2)\n    {\n        nextBattery = Number(nextBattery) + 1;\n        flow.set(\"nextBattery\", nextBattery.toString().padStart(2, '0'));\n    }\n    else\n    {\n        flow.set(\"queryType\", \"Single\");\n        flow.set(\"nextBattery\", \"01\");\n        msg.queryType = \"Single\";\n    }\n}\n\n\nreturn msg;",
        "outputs": 1,
        "noerr": 0,
        "initialize": "",
        "finalize": "",
        "libs": [],
        "x": 730,
        "y": 60,
        "wires": [
            [
                "019c5e3c65bdb664",
                "353ef81962f8ddc1",
                "ce7e1b97db6f708a"
            ]
        ],
        "info": "var cellData = {};\r\nvar batteryData = {};\r\nconst cell =[]; \r\nconst battery =[]; \r\n\r\nvar cellDelta = 0;\r\n\r\nfor (var cellNum = 1; cellNum < 9; cellNum++)\r\n{\r\n    var cellName = \"CELL\" + cellNum + \"V\";\r\n    cellData[cellName] = parseInt(msg.keyvalues[cellName],16) / 1000;\r\n    cell[cellNum] = cellData[cellName];    \r\n}\r\n\r\nbatteryData[\"BATNUM\"] = parseInt(msg.keyvalues[\"BATNUM\"], 16);\r\n\r\nbatteryData[\"CELLT1\"] = parseFloat(((parseInt(msg.keyvalues[\"CELLT1\"], 16) - 2731) / 10).toFixed(1));\r\nbatteryData[\"CELLT2\"] = parseFloat(((parseInt(msg.keyvalues[\"CELLT2\"], 16) - 2731) / 10).toFixed(1));\r\nbatteryData[\"ENVT\"] = parseFloat(((parseInt(msg.keyvalues[\"ENVT\"], 16) - 2731) / 10).toFixed(1));\r\nbatteryData[\"POWERT\"] = parseFloat(((parseInt(msg.keyvalues[\"POWERT\"], 16) - 2731) / 10).toFixed(1));\r\n\r\nbatteryData[\"BATTA\"]=parseInt(msg.keyvalues[\"BATTA\"], 16);\r\n\r\nif (batteryData.BATTA > 32767) \r\n{ \r\n        batteryData.BATTA=batteryData.BATTA - 65536; \r\n} \r\n \r\n batteryData.BATTA = parseFloat((batteryData.BATTA / 100).toFixed(3)); \r\n\r\nbatteryData[\"BATTV\"] = parseInt(msg.keyvalues[\"BATTV\"], 16)/100;\r\nbatteryData[\"CAPAh\"] = parseInt(msg.keyvalues[\"CAPAh\"], 16)/100;\r\nbatteryData[\"TCAPAh\"] = parseInt(msg.keyvalues[\"TCAPAh\"], 16)/100;\r\nbatteryData[\"SOC\"] = parseInt(msg.keyvalues[\"SOC\"], 16)/10;\r\nbatteryData[\"NOCYC\"] = parseInt(msg.keyvalues[\"NOCYC\"], 16) ;\r\nbatteryData[\"SOH\"] = parseFloat(((parseInt(msg.keyvalues[\"SOH\"], 16)/10)).toFixed(1));\r\n//\r\nvar packSOC = flow.get(\"packSOC\");\r\n\r\npackSOC = packSOC + batteryData.SOC;\r\n\r\nflow.set(\"packSOC\", packSOC);\r\n\r\nmsg.payload = {};\r\n\r\nmsg.payload.celldata = cellData;\r\nmsg.payload.batterydata = batteryData;\r\nmsg.payload.cell = cell\r\n\r\n//msg.payload = batteryData;\r\n\r\nmsg[\"queryType\"] = {};\r\nmsg.queryType = flow.get(\"queryType\");\r\n\r\nif (msg.queryType == \"Multi\")\r\n{\r\n    var nextBattery = msg.topic.substring(7);\r\n    if (Number(nextBattery) < 2)\r\n    {\r\n        nextBattery = Number(nextBattery) + 1;\r\n        flow.set(\"nextBattery\", nextBattery.toString().padStart(2, '0'));\r\n    }\r\n    else\r\n    {\r\n        flow.set(\"queryType\", \"Single\");\r\n        flow.set(\"nextBattery\", \"01\");\r\n        msg.queryType = \"Single\";\r\n    }\r\n}\r\n\r\n\r\nreturn msg;"
    },
    {
        "id": "85eed2c42c931340",
        "type": "debug",
        "z": "187b2640622ee6ec",
        "name": "debug 12",
        "active": false,
        "tosidebar": true,
        "console": false,
        "tostatus": false,
        "complete": "false",
        "statusVal": "",
        "statusType": "auto",
        "x": 1380,
        "y": 400,
        "wires": []
    },
    {
        "id": "ce7e1b97db6f708a",
        "type": "function",
        "z": "187b2640622ee6ec",
        "name": "function 14",
        "func": "let sql = \"INSERT INTO batt.celldata \\r (batnum, cell1v, cell2v, cell3v, cell4v, cell5v, cell6v, cell7v, cell8v,cellt1, cellt2, evirt, powrt, batta, battv, capah, tcapah, soc, numcyc, soh)\\rVALUES\\r\"\nlet  values = msg.payload.celldata  \n\nlet end = sql.concat(\"(\",values,\")\")\nmsg.query=end\nreturn msg;",
        "outputs": 1,
        "noerr": 0,
        "initialize": "",
        "finalize": "",
        "libs": [],
        "x": 1130,
        "y": 280,
        "wires": [
            [
                "85eed2c42c931340",
                "a2004e537c1cef1b"
            ]
        ]
    },
    {
        "id": "a2004e537c1cef1b",
        "type": "digitaloak-postgresql-query",
        "z": "187b2640622ee6ec",
        "name": "battpostgres",
        "server": "309a932d74379294",
        "inputs": 1,
        "outputs": 1,
        "x": 1350,
        "y": 260,
        "wires": [
            []
        ]
    },
    {
        "id": "0a692c74d9c57934",
        "type": "serial-port",
        "serialport": "/dev/ttyUSB0",
        "serialbaud": "19200",
        "databits": "8",
        "parity": "none",
        "stopbits": "1",
        "waitfor": "~",
        "dtr": "none",
        "rts": "none",
        "cts": "none",
        "dsr": "none",
        "newline": "\\r",
        "bin": "bin",
        "out": "char",
        "addchar": "\\r",
        "responsetimeout": "10000"
    },
    {
        "id": "309a932d74379294",
        "type": "digitaloak-postgresql-connection-manager",
        "name": "batt",
        "host": "192.168.1.38",
        "port": "5432",
        "database": "postgres",
        "tls": "",
        "use_tls": false,
        "pool_max_clients": "10",
        "pool_client_max_idle": "1000",
        "client_query_timeout": "",
        "client_statement_timeout": "",
        "client_connection_timeout_millis": "",
        "is_client_enabled": "1"
    }
]